trajectory_id,split
SCTD-0107,train
SCTD-0133,train
SCTD-0263,train
SCTD-0214,train
SCTD-0212,train
SCTD-0056,train
SCTD-0068,train
SCTD-0011,train
SCTD-0069,train
SCTD-0160,train
SCTD-0254,train
SCTD-0114,train
SCTD-0144,train
SCTD-0210,train
SCTD-0290,train
SCTD-0073,train
SCTD-0271,train
SCTD-0141,train
SCTD-0061,train
SCTD-0077,train
SCTD-0153,train
SCTD-0149,train
SCTD-0235,train
SCTD-0118,train
SCTD-0220,train
SCTD-0021,train
SCTD-0178,train
SCTD-0067,train
SCTD-0092,train
SCTD-0074,train
SCTD-0048,train
SCTD-0050,train
SCTD-0072,train
SCTD-0057,train
SCTD-0017,train
SCTD-0175,train
SCTD-0148,train
SCTD-0124,train
SCTD-0199,train
SCTD-0076,train
SCTD-0087,train
SCTD-0079,train
SCTD-0104,train
SCTD-0066,train
SCTD-0279,train
SCTD-0108,train
SCTD-0274,train
SCTD-0243,train
SCTD-0151,train
SCTD-0015,train
SCTD-0256,train
SCTD-0162,train
SCTD-0007,train
SCTD-0126,train
SCTD-0219,train
SCTD-0269,train
SCTD-0049,train
SCTD-0245,train
SCTD-0174,train
SCTD-0221,train
SCTD-0218,train
SCTD-0099,train
SCTD-0130,train
SCTD-0226,train
SCTD-0237,train
SCTD-0247,train
SCTD-0138,train
SCTD-0185,train
SCTD-0143,train
SCTD-0042,train
SCTD-0119,train
SCTD-0236,train
SCTD-0082,train
SCTD-0078,train
SCTD-0045,train
SCTD-0167,train
SCTD-0275,train
SCTD-0181,train
SCTD-0100,train
SCTD-0196,train
SCTD-0084,train
SCTD-0046,train
SCTD-0136,train
SCTD-0246,train
SCTD-0159,train
SCTD-0205,train
SCTD-0128,train
SCTD-0018,train
SCTD-0208,train
SCTD-0207,train
SCTD-0085,train
SCTD-0006,train
SCTD-0146,train
SCTD-0282,train
SCTD-0265,train
SCTD-0091,train
SCTD-0103,train
SCTD-0080,train
SCTD-0004,train
SCTD-0016,train
SCTD-0147,train
SCTD-0164,train
SCTD-0249,train
SCTD-0225,train
SCTD-0173,train
SCTD-0267,train
SCTD-0195,train
SCTD-0171,train
SCTD-0259,train
SCTD-0187,train
SCTD-0287,train
SCTD-0262,train
SCTD-0215,train
SCTD-0180,train
SCTD-0105,train
SCTD-0086,train
SCTD-0166,train
SCTD-0058,train
SCTD-0200,train
SCTD-0213,train
SCTD-0081,train
SCTD-0106,train
SCTD-0053,train
SCTD-0098,train
SCTD-0047,train
SCTD-0037,train
SCTD-0194,train
SCTD-0183,train
SCTD-0137,train
SCTD-0163,train
SCTD-0211,train
SCTD-0155,train
SCTD-0036,train
SCTD-0158,train
SCTD-0032,train
SCTD-0233,train
SCTD-0010,train
SCTD-0023,train
SCTD-0230,train
SCTD-0030,train
SCTD-0139,train
SCTD-0244,train
SCTD-0165,train
SCTD-0152,train
SCTD-0169,train
SCTD-0268,train
SCTD-0255,train
SCTD-0113,train
SCTD-0090,train
SCTD-0033,train
SCTD-0202,train
SCTD-0242,train
SCTD-0044,train
SCTD-0012,train
SCTD-0278,train
SCTD-0177,train
SCTD-0258,train
SCTD-0059,train
SCTD-0179,train
SCTD-0115,train
SCTD-0008,train
SCTD-0270,train
SCTD-0125,train
SCTD-0127,train
SCTD-0170,train
SCTD-0121,train
SCTD-0272,train
SCTD-0026,train
SCTD-0123,train
SCTD-0039,train
SCTD-0096,train
SCTD-0134,train
SCTD-0198,train
SCTD-0222,train
SCTD-0013,train
SCTD-0182,train
SCTD-0043,train
SCTD-0284,train
SCTD-0101,train
SCTD-0280,train
SCTD-0216,train
SCTD-0028,train
SCTD-0094,train
SCTD-0223,train
SCTD-0145,train
SCTD-0031,train
SCTD-0228,train
SCTD-0192,train
SCTD-0075,train
SCTD-0111,train
SCTD-0055,train
SCTD-0029,train
SCTD-0038,train
SCTD-0276,train
SCTD-0002,train
SCTD-0186,train
SCTD-0041,train
SCTD-0241,train
SCTD-0209,train
SCTD-0264,train
SCTD-0040,train
SCTD-0142,train
SCTD-0140,train
SCTD-0070,test
SCTD-0257,test
SCTD-0189,test
SCTD-0020,test
SCTD-0135,test
SCTD-0250,test
SCTD-0188,test
SCTD-0052,test
SCTD-0266,test
SCTD-0224,test
SCTD-0110,test
SCTD-0240,test
SCTD-0238,test
SCTD-0132,test
SCTD-0129,test
SCTD-0283,test
SCTD-0009,test
SCTD-0122,test
SCTD-0232,test
SCTD-0060,test
SCTD-0168,test
SCTD-0112,test
SCTD-0289,test
SCTD-0193,test
SCTD-0025,test
SCTD-0095,test
SCTD-0191,test
SCTD-0277,test
SCTD-0273,test
SCTD-0150,test
SCTD-0120,test
SCTD-0217,test
SCTD-0161,test
SCTD-0064,test
SCTD-0248,test
SCTD-0093,test
SCTD-0172,test
SCTD-0286,test
SCTD-0176,test
SCTD-0203,test
SCTD-0204,test
SCTD-0019,test
SCTD-0156,test
SCTD-0035,test
SCTD-0001,test
SCTD-0116,test
SCTD-0239,test
SCTD-0253,test
SCTD-0206,test
SCTD-0190,test
SCTD-0251,test
SCTD-0054,test
SCTD-0089,test
SCTD-0260,test
SCTD-0097,test
SCTD-0102,test
SCTD-0063,test
SCTD-0234,test
SCTD-0022,test
SCTD-0051,test
SCTD-0117,test
SCTD-0157,test
SCTD-0201,test
SCTD-0024,test
SCTD-0083,test
SCTD-0154,test
SCTD-0252,test
SCTD-0088,test
SCTD-0281,test
SCTD-0003,test
SCTD-0131,test
SCTD-0109,test
SCTD-0014,test
SCTD-0071,test
SCTD-0288,test
SCTD-0261,test
SCTD-0062,test
SCTD-0227,test
SCTD-0034,test
SCTD-0229,test
SCTD-0197,test
SCTD-0184,test
SCTD-0065,test
SCTD-0231,test
SCTD-0005,test
SCTD-0027,test
SCTD-0285,test
